0.20456330478191376,0.1186559721827507,0.139360710978508,0.2641078531742096,-0.12933897972106934,-0.20811954140663147,-0.07140333950519562,0.020029574632644653,0.279702752828598,-0.06246573477983475,0.06145153194665909,-0.15067054331302643,0.11879295855760574,-0.015621542930603027,-0.05573147535324097,-0.17052116990089417,0.010881088674068451,0.053819507360458374,0.02746373414993286,-0.046855583786964417,-0.06983093172311783,0.042203765362501144,-0.17602147161960602,0.2147417813539505,0.21732214093208313,-0.04256194084882736,-0.10065631568431854,-0.19545873999595642,0.0023004189133644104,0.11676986515522003,0.14968237280845642,0.004371747374534607
-0.0012543648481369019,0.1804439276456833,0.28306305408477783,0.017876602709293365,-0.11214343458414078,-0.06274950504302979,-0.028161928057670593,0.06707899272441864,-0.04283599555492401,0.045146144926548004,-0.16745403409004211,-0.022126980125904083,0.146360844373703,-0.1430988609790802,-0.0768454447388649,-0.052662160247564316,-0.1031438410282135,0.12176256626844406,-0.02765461802482605,-0.2499082386493683,-0.10645244270563126,0.23310072720050812,-0.12228144705295563,-0.01942792534828186,0.0831281840801239,0.04603949189186096,0.011450447142124176,-0.013493619859218597,0.016844987869262695,0.15483640134334564,0.19302837550640106,-0.05336418002843857
0.2797400653362274,0.22918778657913208,0.08392453193664551,0.12622477114200592,-0.03730832412838936,-0.018993936479091644,0.04076182469725609,0.15761026740074158,0.0731738954782486,0.06976111978292465,-0.07013145089149475,-0.157236710190773,0.02129989117383957,-0.038736697286367416,-0.02043215185403824,-0.1290041208267212,-0.17229557037353516,0.11112906038761139,0.2931559681892395,0.039715178310871124,-0.16970637440681458,-0.0024865195155143738,-0.14366848766803741,0.27657008171081543,0.12512628734111786,-0.1590367704629898,0.017890989780426025,-0.22589850425720215,0.11977745592594147,0.13624025881290436,0.06162527576088905,0.14161917567253113
0.16565708816051483,0.08273124694824219,0.15683117508888245,0.10749594122171402,-0.047211457043886185,0.08908925950527191,-0.054820284247398376,0.1197890043258667,0.2734587788581848,-0.20165666937828064,-0.11129997670650482,-0.08716106414794922,0.04765624925494194,-0.17056870460510254,-0.21729183197021484,0.03612392395734787,-0.0665322095155716,0.10217626392841339,0.19688406586647034,-0.17782634496688843,-0.09941889345645905,-0.04261317104101181,-0.15202300250530243,-0.016340091824531555,0.09023981541395187,-0.13977885246276855,-0.06981265544891357,-0.09045318514108658,-0.017275147140026093,0.06627747416496277,0.03335728496313095,-0.038248054683208466
0.13931891322135925,0.13447001576423645,-0.05348791182041168,-0.024893447756767273,-0.12978485226631165,-0.07411246001720428,0.1999312937259674,0.19538730382919312,0.06613980233669281,-0.13837996125221252,-0.03953694924712181,-0.10215900093317032,0.07666029036045074,0.011208005249500275,-0.24729543924331665,-0.1347191035747528,-0.061550598591566086,0.07822562754154205,0.027579687535762787,-0.06094246730208397,0.001987658441066742,0.11702074110507965,-0.2854773700237274,0.16870097815990448,0.0425252802670002,-0.05530475080013275,-0.22567147016525269,-0.10169504582881927,0.1658547818660736,0.17411985993385315,0.07807290554046631,0.081184983253479
0.08248588442802429,0.14295966923236847,-0.034301407635211945,0.006864391267299652,-0.001800723373889923,-0.10253435373306274,0.27510201930999756,0.17054876685142517,0.24630917608737946,-0.08693694323301315,-0.055549297481775284,-0.24184302985668182,0.0970597192645073,-0.27387934923171997,-0.1866837441921234,-0.05257977917790413,-0.05135364085435867,0.024969667196273804,0.00018049031496047974,-0.07573588937520981,-0.10531947761774063,0.10448215901851654,-0.11948439478874207,0.05362940579652786,-0.06715226918458939,-0.20398667454719543,-0.06021358445286751,-0.022883892059326172,0.08532966673374176,-0.024144671857357025,0.07574724406003952,-0.060383141040802
-0.018657870590686798,0.17202219367027283,0.15651893615722656,0.08628955483436584,-0.1514652818441391,-0.24367916584014893,0.11429721117019653,0.20699751377105713,0.16887733340263367,-0.09443692862987518,-0.0637202188372612,0.012757569551467896,0.1421503722667694,-0.19230377674102783,0.0725906491279602,-0.19942888617515564,-0.1673034429550171,0.1970241665840149,0.06907250732183456,-0.09208693355321884,-0.2528333365917206,-0.0025571733713150024,-0.24705901741981506,0.11280996352434158,0.03819224610924721,-0.0472349189221859,-0.1533641666173935,-0.20412378013134003,-0.0006202384829521179,-0.09643195569515228,0.06482748687267303,0.12397398054599762
0.03651994466781616,-0.03886517882347107,0.032820746302604675,0.2299955189228058,-0.08285258710384369,-0.226907417178154,0.13261672854423523,0.20343121886253357,-0.07536274194717407,-0.27773669362068176,-0.09650091826915741,-0.1275126188993454,0.23817287385463715,-0.08314666152000427,-0.12108315527439117,-0.14248114824295044,-0.2906482517719269,0.2398594319820404,0.16520603001117706,-0.1226942166686058,-0.09329317510128021,0.15009856224060059,-0.04907175153493881,0.13688260316848755,0.09539633244276047,-0.005293764173984528,-0.1671035885810852,-0.11615508794784546,0.16684377193450928,0.09185785055160522,0.15829943120479584,0.08734213560819626
0.07583595812320709,0.06965432316064835,0.15913192927837372,0.12162866443395615,-0.22797580063343048,-0.04574969783425331,-0.005288928747177124,0.07040965557098389,0.018330730497837067,0.02002698928117752,-0.153853178024292,-0.06978179514408112,0.005627818405628204,-0.0801009014248848,0.039620354771614075,-0.04942748695611954,-0.21639585494995117,0.09152328968048096,-0.015204288065433502,0.05545172840356827,-0.1481931507587433,0.25703489780426025,-0.045679476112127304,0.08380275219678879,0.03740369528532028,-0.05564696714282036,-0.1885494738817215,-0.22934938967227936,0.10584931075572968,0.14197304844856262,0.08170600235462189,0.12067360430955887
-0.02639363706111908,-0.0316699743270874,0.0630730390548706,0.03211842477321625,-0.28350386023521423,-0.020801261067390442,-0.0009148493409156799,0.13126438856124878,0.1421460658311844,-0.23134151101112366,-0.11595972627401352,-0.10407206416130066,-0.01476338505744934,-0.05671769008040428,0.020170539617538452,-0.1673363447189331,-0.013214528560638428,0.12671218812465668,0.03440658748149872,0.0892987847328186,-0.12938058376312256,0.10339994728565216,-0.15742848813533783,0.21190398931503296,-0.02999815344810486,-0.13959570229053497,-0.0667564794421196,-0.18063023686408997,0.08254976570606232,0.058473631739616394,0.176312655210495,0.14749519526958466
0.09071438759565353,0.09557397663593292,0.07160941511392593,0.06935446709394455,-0.22875061631202698,-0.23611976206302643,0.26052042841911316,-0.05544876307249069,0.1360340714454651,-0.01215757429599762,-0.04251336678862572,-0.08404920250177383,0.1264997124671936,-0.19688814878463745,-0.05347156524658203,-0.020550213754177094,-0.11121449619531631,-0.012053914368152618,0.15518441796302795,-0.07331851124763489,-0.18904545903205872,0.05349493399262428,-0.18881376087665558,0.10126323997974396,0.14159294962882996,-0.06936701387166977,-0.12202446162700653,-0.09155019372701645,0.11198088526725769,0.10266212373971939,-0.004850603640079498,0.11860016733407974
0.1894543319940567,0.08996576815843582,0.21743181347846985,0.027151763439178467,-0.06015144661068916,-0.045557569712400436,0.053367290645837784,0.05133921653032303,0.11411059647798538,-0.27131983637809753,0.0050130486488342285,-0.14926256239414215,0.12383073568344116,-0.14141350984573364,0.02633560448884964,-0.16482463479042053,-0.10816120356321335,0.02808869630098343,0.2083536982536316,-0.25303101539611816,-0.23499226570129395,0.1277514398097992,0.05296410620212555,0.0767887681722641,0.09649424999952316,-0.13784480094909668,0.10047946125268936,-0.1279035359621048,0.20196610689163208,0.08888363093137741,0.26861506700515747,-0.06149505078792572
0.14269866049289703,0.20465536415576935,0.1428910791873932,0.03261803835630417,0.06735353171825409,0.04525139182806015,0.0797981470823288,0.15808936953544617,0.2876701354980469,-0.013154499232769012,-0.17724311351776123,-0.2954169511795044,0.17011970281600952,-0.13696028292179108,0.03048405796289444,-0.058763161301612854,-0.1364278793334961,0.16102547943592072,0.17840224504470825,-0.029424726963043213,-0.08962845057249069,0.1556749939918518,-0.16251543164253235,0.29570865631103516,-0.046731144189834595,-0.18427695333957672,-0.23147575557231903,-0.09015696495771408,0.193815216422081,0.11870467662811279,-0.02842145413160324,0.1198607012629509
0.08401691913604736,0.06952834129333496,0.26429885625839233,0.010939434170722961,-0.0942564457654953,-0.08360585570335388,0.008810847997665405,0.24876058101654053,0.2485983967781067,0.024030588567256927,-0.0214790478348732,-0.07017063349485397,0.16582030057907104,0.052216410636901855,-0.24460425972938538,-0.12457962334156036,-0.1848386824131012,0.17595702409744263,0.08574605733156204,-0.08460063487291336,-0.05375172197818756,0.19951340556144714,-0.11094207316637039,0.10387606173753738,0.04689217358827591,0.027456991374492645,0.014601483941078186,0.025840625166893005,0.05264616385102272,-0.032849207520484924,0.031442008912563324,0.2299417406320572
0.18389365077018738,0.18190422654151917,0.2658390402793884,0.1232297271490097,-0.20510002970695496,0.02298104017972946,0.02449014037847519,0.08795665949583054,0.164181649684906,-0.16587434709072113,-0.10136467963457108,-0.20969320833683014,-0.036682285368442535,-0.18844196200370789,-0.01389392465353012,-0.17397859692573547,-0.09683132916688919,0.23555991053581238,0.28594833612442017,-0.2266402244567871,-0.22183185815811157,0.029354780912399292,-0.06348070502281189,0.07537440955638885,0.06338439881801605,-0.10881116986274719,-0.05177789181470871,0.0008941292762756348,0.21131020784378052,-0.006008937954902649,0.09104908257722855,0.05538427457213402
0.007221691310405731,0.1294187754392624,0.17910173535346985,0.1167592853307724,-0.18808287382125854,-0.06005190685391426,0.1458493173122406,0.18531030416488647,0.07104334980249405,0.08296187222003937,-0.19374123215675354,0.05060403794050217,0.17746785283088684,-0.17746996879577637,-0.17136703431606293,-0.14853280782699585,-0.12728622555732727,0.14840878546237946,0.014308527112007141,-0.06345327198505402,-0.11057402193546295,-0.035290367901325226,-0.07312939316034317,0.06954514980316162,0.17720982432365417,-0.07592242956161499,-0.17676743865013123,-0.04616602510213852,-0.023533374071121216,-0.012006103992462158,0.15480419993400574,0.021926380693912506
0.051595255732536316,-0.002573251724243164,-0.06058591604232788,-0.023318134248256683,-0.17562168836593628,-0.09632705897092819,0.21250194311141968,0.11233073472976685,0.10641030222177505,-0.07519397139549255,-0.10635990649461746,-0.10100488364696503,0.04909658804535866,-0.02759990096092224,-0.21123220026493073,-0.06375466287136078,-0.07888587564229965,0.14693766832351685,-0.033266350626945496,0.01867438107728958,-0.17583200335502625,0.13274481892585754,-0.09860897064208984,0.0868191197514534,0.11162547767162323,-0.0981208086013794,-0.213714599609375,-0.13963136076927185,0.020726390182971954,-0.023574821650981903,0.21248596906661987,0.05343480780720711
0.04119597747921944,0.03479442000389099,-0.00018633902072906494,0.07488297671079636,0.06953093409538269,-0.13780522346496582,0.17292824387550354,0.16711360216140747,0.040191713720560074,-0.0998993068933487,-0.017407327890396118,-0.19752943515777588,0.004370972514152527,-0.056972283869981766,-0.014346368610858917,-0.13582222163677216,0.06367048621177673,0.11966823041439056,0.18607109785079956,-0.10562310367822647,-0.04132375121116638,0.09254800528287888,-0.03740726038813591,0.13044416904449463,-0.06508037447929382,-0.23222513496875763,-0.17075933516025543,-0.1051296591758728,0.030478455126285553,0.2103928178548813,-0.060938604176044464,0.1297963708639145
0.11033307015895844,0.04239397123456001,-0.04172534495592117,0.1012902483344078,-0.053192269057035446,-0.1585775762796402,-0.06121346354484558,0.0929061770439148,0.23405736684799194,-0.1332094669342041,0.03166685998439789,-0.10079164057970047,0.029436148703098297,-0.21732273697853088,-0.029301248490810394,-0.1506740152835846,-0.07119029015302658,0.10870073735713959,0.18185849487781525,-0.07867090404033661,-0.11647995561361313,0.10514770448207855,-0.14984548091888428,0.16637983918190002,-0.09586457908153534,0.025837816298007965,-0.01267676055431366,-0.05384567007422447,0.17235548794269562,0.07664082199335098,0.18754401803016663,0.21514642238616943
0.15551283955574036,0.09058916568756104,0.11254066973924637,0.13745836913585663,0.006081178784370422,-0.22468364238739014,0.16243596374988556,0.13913878798484802,0.11175406724214554,-0.28587448596954346,-0.000958368182182312,-0.03776010870933533,0.21827028691768646,-0.09107004106044769,-0.2437763214111328,-0.007810510694980621,-0.1142355278134346,0.23200753331184387,0.07085778564214706,-0.024149365723133087,0.027260497212409973,0.050012774765491486,-0.08788460493087769,-0.03229986131191254,0.07591239362955093,-0.17056973278522491,-0.2064937949180603,-0.24816322326660156,-0.07984757423400879,0.0263683944940567,0.23274263739585876,0.13068446516990662
0.10499359667301178,-0.010928153991699219,0.12938527762889862,-0.005433768033981323,0.045984335243701935,0.0199604332447052,0.0774138942360878,0.06911670416593552,0.0471099317073822,-0.01680085062980652,-0.06924750655889511,-0.19022756814956665,-0.010407619178295135,-0.06538224220275879,-0.17642056941986084,-0.18834584951400757,-0.0899796411395073,0.019291952252388,0.21318721771240234,-0.030536256730556488,-0.18843907117843628,0.2450871765613556,-0.1011362224817276,0.1981532871723175,0.243636354804039,-0.04675888642668724,-0.18148136138916016,-0.15841111540794373,0.05641086772084236,0.09833809733390808,0.1843501478433609,0.054041795432567596
0.07737157493829727,0.1442975252866745,0.1460411548614502,0.0979551300406456,-0.14354409277439117,-0.2374134212732315,0.06794922798871994,0.21320563554763794,0.07386608421802521,-0.19045507907867432,-0.02222418785095215,-0.09016087651252747,0.074991375207901,-0.0461166650056839,-0.16842353343963623,-0.17393723130226135,-0.1483307182788849,0.1564629077911377,0.003956206142902374,-0.16402488946914673,-0.28576958179473877,0.07056223601102829,-0.07094500958919525,0.07973318547010422,0.1705164909362793,0.0265323668718338,-0.1176595464348793,-0.20662590861320496,0.1474301815032959,0.05757562816143036,0.11136431246995926,0.028404884040355682
0.1606903076171875,0.012302182614803314,0.17687755823135376,-0.09464836120605469,-0.14139284193515778,0.02911420911550522,0.1798800826072693,0.117027647793293,0.07424870133399963,-0.09441335499286652,-0.08659106492996216,-0.03997734561562538,-0.010929800570011139,0.04898526519536972,-0.07609249651432037,0.0948413610458374,-0.03246201574802399,0.08270251005887985,0.200780987739563,-0.05555916950106621,-0.24512292444705963,0.17406348884105682,-0.19614814221858978,-0.08534558862447739,0.28339290618896484,-0.06581525504589081,-0.11943689733743668,-0.2186112105846405,0.19291017949581146,-0.09151427447795868,0.030029773712158203,0.15627124905586243
0.059374384582042694,0.10475252568721771,0.13051261007785797,0.07392331957817078,-0.18614155054092407,-0.03578903526067734,0.21660184860229492,0.06865230202674866,0.15355424582958221,-0.21949931979179382,0.0821681097149849,0.004399619996547699,0.09674535691738129,-0.23833563923835754,-0.02390410006046295,0.0843927338719368,-0.12813417613506317,0.13228344917297363,-0.015847288072109222,-0.028300747275352478,-0.19251836836338043,0.0667547807097435,-0.11572148650884628,0.23440971970558167,0.2178656905889511,0.060230553150177,-0.24285218119621277,-0.0597066767513752,0.1189095675945282,0.0774475485086441,0.06993275880813599,0.21136322617530823
0.13706845045089722,0.17667844891548157,0.03862135484814644,0.010369494557380676,-0.1490461379289627,-0.06889069825410843,-0.03917139023542404,0.11577538400888443,-0.09816109389066696,-0.0006855875253677368,-0.2348117232322693,-0.16420021653175354,-0.08746038377285004,-0.1586051732301712,-0.0845542624592781,-0.013216234743595123,-0.16943974792957306,0.13154815137386322,0.24288582801818848,-0.20454977452754974,-0.05668490007519722,-0.033622317016124725,-0.15489858388900757,0.15765780210494995,0.058946773409843445,-0.11636774241924286,-0.09419096261262894,-0.09018371999263763,0.03918096050620079,0.16807124018669128,0.25003403425216675,0.09193958342075348
0.0021510571241378784,0.1470947563648224,-0.06509518623352051,0.22782528400421143,-0.19773651659488678,-0.07327666878700256,0.06402143836021423,0.10562040656805038,0.07845044136047363,-0.14452292025089264,-0.1369047611951828,-0.12302077561616898,0.22585025429725647,-0.024595536291599274,-0.15437281131744385,-0.2350015640258789,-0.06409343332052231,-0.078919917345047,0.11246296763420105,-0.06990893185138702,-0.18180930614471436,0.2818308472633362,-0.13129465281963348,0.14361277222633362,0.11042339354753494,-0.005808092653751373,-0.102297343313694,-0.06642353534698486,0.1763966828584671,0.10978066176176071,0.0022003203630447388,-0.0018127262592315674
0.044231027364730835,0.11176539212465286,0.09208904206752777,0.04854440316557884,-0.20176450908184052,-0.1797296404838562,0.1568692922592163,0.15270058810710907,0.0799335390329361,-0.003654398024082184,-0.047181714326143265,-0.08930100500583649,-0.028547748923301697,0.046761251986026764,-0.008799821138381958,0.00711476057767868,-0.041179899126291275,0.15540160238742828,-0.019623123109340668,-0.0060354843735694885,-0.16219237446784973,0.0735456794500351,-0.07751654088497162,0.1580364853143692,0.24706900119781494,-0.12672412395477295,0.0511222779750824,-0.06545520573854446,0.04245874285697937,0.16247305274009705,0.17157435417175293,0.07458478212356567
0.10095849633216858,0.25462669134140015,0.05513797327876091,0.21337094902992249,-0.16709814965724945,-0.14098384976387024,-0.0007488802075386047,-0.007194727659225464,0.1379830688238144,-0.2700350284576416,-0.06885310262441635,-0.16024966537952423,0.10417380928993225,-0.019230306148529053,-0.22283399105072021,-0.26741936802864075,-0.19538620114326477,-0.09589872509241104,0.059691134840250015,-0.10885246098041534,-0.2175632268190384,0.16837789118289948,-0.04747163876891136,0.024198971688747406,0.02180960774421692,-0.1254739910364151,0.001578018069267273,-0.19477541744709015,-0.042796790599823,0.1382644772529602,0.07789045572280884,-0.049816302955150604
0.11560899019241333,0.22732987999916077,0.22790293395519257,0.12910771369934082,-0.17041800916194916,-0.10822653025388718,-0.09501704573631287,0.20881669223308563,0.24984139204025269,0.01647978276014328,-0.1324988752603531,-0.07989345490932465,0.16609393060207367,-0.23509705066680908,-0.11687435209751129,-0.1021871492266655,0.0069235265254974365,0.04036824405193329,0.22254547476768494,-0.028023630380630493,-0.1655680537223816,0.032742150127887726,0.058299899101257324,0.0555744543671608,0.2287997305393219,-0.016299709677696228,-0.00853816419839859,-0.07561179250478745,0.19997574388980865,0.1118156835436821,0.17818447947502136,0.22282814979553223
0.03523696959018707,0.05862083658576012,0.09953141212463379,0.05619257688522339,-0.18145152926445007,-0.04262019321322441,0.034981854259967804,-0.0022092536091804504,0.03014104813337326,0.05097557604312897,-0.16979175806045532,-0.07961460947990417,0.01976025104522705,0.03923448175191879,-0.2624000906944275,0.08919020742177963,-0.13823112845420837,0.12224447727203369,0.07167836278676987,-0.08980288356542587,-0.2864922881126404,0.18959805369377136,-0.12766024470329285,0.02899128943681717,0.022122971713542938,0.007973484694957733,-0.2081470638513565,-0.04971827194094658,0.05537530779838562,0.11455070227384567,0.07438483834266663,0.20173993706703186
0.00556318461894989,0.10469045490026474,-0.01858997344970703,-0.01921156793832779,-0.0800151526927948,-0.081298828125,0.025413185358047485,-0.019313812255859375,-0.010745570063591003,0.07435750961303711,-0.1849205195903778,-0.1256556212902069,-0.016190774738788605,-0.24631571769714355,-0.0033182501792907715,-0.09557205438613892,0.021697089076042175,0.18391168117523193,0.21105262637138367,-0.14738696813583374,-0.022804096341133118,0.25440430641174316,-0.006621859967708588,0.006229318678379059,0.052392199635505676,-0.18414263427257538,-0.11575233191251755,-0.07707574963569641,0.02646327018737793,0.16492964327335358,0.26621904969215393,-0.07827559858560562
0.10462448000907898,0.1742604821920395,0.06703554093837738,0.1646900773048401,-0.24403589963912964,-0.0481225810945034,0.1559850424528122,0.23580272495746613,-0.04298055171966553,0.08398790657520294,-0.08095548301935196,0.02831169217824936,0.027456432580947876,-0.18057674169540405,-0.11490616947412491,-0.07394107431173325,-0.030941516160964966,-0.00431465357542038,-0.0430501252412796,0.004484906792640686,-0.22370529174804688,0.23698648810386658,-0.08066640794277191,0.10351026803255081,-0.021114185452461243,-0.14269831776618958,-0.2457553744316101,0.040297359228134155,0.12024128437042236,0.12167950719594955,0.22563490271568298,0.1590632200241089
0.14405447244644165,0.0003243684768676758,-0.08813333511352539,0.004125036299228668,0.049636922776699066,-0.06295692920684814,0.169217050075531,0.09090334177017212,0.13458490371704102,-0.06514859944581985,-0.07730622589588165,-0.026158735156059265,0.0324229896068573,-0.12503106892108917,-0.16244138777256012,-0.019037529826164246,-0.0017983540892601013,0.17782607674598694,0.12334243953227997,-0.2104267179965973,0.05220452696084976,0.15970805287361145,0.02677026391029358,0.055240172892808914,0.16275529563426971,-0.09250520169734955,-0.22832772135734558,-0.1295739859342575,0.05568327009677887,0.025489985942840576,0.020817115902900696,0.05719004198908806
0.1759009063243866,0.014807090163230896,0.028800025582313538,0.22879572212696075,-0.06088147684931755,-0.07562848180532455,0.004445850849151611,-0.02940937876701355,0.09356498718261719,-0.1788119077682495,-0.03386649489402771,-0.18941879272460938,-0.004878424108028412,-0.10228320211172104,-0.1112963855266571,-0.006374791264533997,-0.1232321709394455,0.06883655488491058,0.2380886971950531,-0.048363637179136276,-0.010797880589962006,0.12327120453119278,-0.2225920706987381,0.05043533071875572,0.11055576056241989,-0.05392743647098541,-0.08656984567642212,-0.061232779175043106,-0.005979426205158234,0.09290377050638199,0.20162302255630493,0.08583179116249084
0.22715725004673004,-0.04751107096672058,0.04831508919596672,0.06714171171188354,-0.15435746312141418,-0.1783338338136673,0.14781302213668823,0.07385218888521194,0.007472589612007141,-0.21564120054244995,-0.01921837031841278,-0.13726027309894562,0.084287129342556,-0.005755849182605743,-0.09602627903223038,-0.20510858297348022,-0.2659187614917755,0.08285938203334808,0.23282741010189056,-0.23812231421470642,-0.13865044713020325,0.15792548656463623,-0.034405700862407684,0.01997905969619751,0.17161250114440918,0.0012908950448036194,-0.09717538207769394,0.09861474484205246,0.16695216298103333,-0.042823754251003265,-0.036265961825847626,0.19343912601470947
0.28041335940361023,0.13205985724925995,0.1337921917438507,0.10303746908903122,0.011945627629756927,-0.1439475119113922,0.13110268115997314,0.06750448048114777,0.15882673859596252,0.023495890200138092,-0.04220212623476982,-0.09600870311260223,0.15142232179641724,-0.16536052525043488,-0.1698608547449112,0.053451403975486755,-0.035985901951789856,0.04257100820541382,0.07553273439407349,-0.015084885060787201,0.043880537152290344,0.04740190878510475,-0.1812390387058258,0.16808559000492096,-0.014915399253368378,-0.1334330290555954,-0.14491985738277435,-0.08773662149906158,0.048114027827978134,0.05334102734923363,0.12077302485704422,0.1999451369047165
0.012697823345661163,0.10846514254808426,0.19844689965248108,0.07690097391605377,-0.2593599855899811,0.010050423443317413,0.2641335725784302,0.0862656906247139,0.14705979824066162,-0.12207794934511185,-0.11490078270435333,-0.0290442556142807,0.09657783061265945,-0.0018489211797714233,-0.12676970660686493,-0.20999114215373993,0.0597459077835083,0.08805932849645615,-0.006474673748016357,-0.08969815820455551,-0.1319713592529297,0.19886142015457153,-0.1219078004360199,0.18502703309059143,0.07582761347293854,-0.08295952528715134,-0.08423501253128052,-0.18986092507839203,-0.011114157736301422,0.07752247899770737,-0.04997436702251434,0.04781714081764221
0.055894989520311356,0.03682124614715576,0.18128006160259247,0.11365547776222229,0.05665016919374466,-0.21373450756072998,0.0803917795419693,0.07870179414749146,-0.022091343998908997,-0.12977217137813568,-0.12669621407985687,-0.2596057951450348,-0.016038499772548676,-0.025497853755950928,-0.016459599137306213,-0.14407634735107422,-0.1730262190103531,-0.04423417150974274,0.14263024926185608,-0.030225306749343872,-0.08444090932607651,0.05314331874251366,0.014103278517723083,0.03760875016450882,0.029817864298820496,-0.2104371339082718,0.06721306592226028,-0.019116953015327454,0.03183615207672119,0.0068523213267326355,0.04868367686867714,0.15320633351802826
-0.06216159462928772,0.030770644545555115,0.11767573654651642,0.21772630512714386,-0.10406848788261414,0.06688474863767624,0.20860710740089417,0.1324726939201355,0.0466991551220417,-0.18158560991287231,-0.028030209243297577,-0.16150902211666107,0.03102853149175644,0.04618283361196518,-0.11311852186918259,-0.22251129150390625,-0.08429624140262604,0.19785022735595703,0.1543550342321396,0.017056167125701904,-0.1299159973859787,0.07865618914365768,-0.10316135734319687,0.1285039186477661,0.07758533954620361,-0.10306576639413834,-0.09821399301290512,-0.2377672791481018,0.13600964844226837,0.18668881058692932,0.03541667014360428,0.25345614552497864
-0.004697889089584351,0.07717577368021011,-0.0674862414598465,0.22345693409442902,-0.09336791187524796,-0.05133148282766342,0.21687376499176025,0.017910175025463104,0.17650586366653442,-0.19890311360359192,-0.18881377577781677,-0.09098079055547714,0.1811005175113678,-0.19063806533813477,-0.0530858188867569,-0.1504642516374588,0.02533574402332306,0.1871567964553833,0.16348782181739807,-0.11850631982088089,-0.10366936028003693,0.08778287470340729,-0.11167111992835999,0.07771090418100357,-0.05055902898311615,0.03244425356388092,-0.10482043027877808,-0.1979561448097229,0.10599599033594131,0.03415431082248688,0.1391998827457428,0.14755138754844666
0.08473554998636246,-0.008833914995193481,0.16248688101768494,0.11009762436151505,-0.08746257424354553,-0.08401413261890411,0.1925634741783142,0.013193808495998383,0.03013925999403,-0.2422446757555008,-0.24751955270767212,-0.03375972807407379,0.13733375072479248,0.02469019591808319,0.006853833794593811,-0.10975034534931183,-0.03767455741763115,0.05955846980214119,0.13921412825584412,-0.026822462677955627,-0.2576334476470947,0.0700947567820549,-0.23895397782325745,0.07649257779121399,0.16635456681251526,-0.25560152530670166,-0.010822832584381104,-0.12258473038673401,0.14437754452228546,0.1311551183462143,0.15544740855693817,0.15668371319770813
0.06530772149562836,0.11453550308942795,0.0950106531381607,0.05291642248630524,-0.2305346429347992,-0.11912728101015091,0.274303138256073,0.24213676154613495,0.03440879285335541,-0.17934322357177734,-0.0111875981092453,-0.07465363293886185,0.0623098649084568,-0.13600949943065643,-0.08823993057012558,-0.028158843517303467,-0.050498172640800476,0.13593675196170807,-0.025529414415359497,-0.08557243645191193,0.06683071702718735,0.21915775537490845,-0.11264610290527344,0.06099577993154526,0.07530846446752548,-0.0704692155122757,-0.1504489779472351,-0.04742949455976486,-0.04239822179079056,0.08815573900938034,0.13587109744548798,0.17074444890022278
0.025072872638702393,0.11569763720035553,0.18128293752670288,0.18626746535301208,-0.11473842710256577,-0.12716048955917358,0.028066612780094147,0.14947687089443207,0.14553102850914001,-0.11453762650489807,-0.038979969918727875,-0.10703864693641663,0.1513388454914093,-0.16000840067863464,-0.17514193058013916,0.07093729078769684,-0.16979974508285522,0.06940817087888718,0.105282723903656,-0.09290502965450287,-0.15223747491836548,0.2806716561317444,-0.06722521781921387,0.022602073848247528,0.1361488401889801,-0.06355200707912445,-0.13342444598674774,-0.09265412390232086,0.10004732757806778,0.08139442652463913,0.11366836726665497,0.014543943107128143
0.04891902953386307,0.04593123868107796,0.08941774070262909,0.10158120095729828,-0.06003011390566826,-0.22835716605186462,0.1966601312160492,0.003568202257156372,0.15562355518341064,-0.08875107765197754,-0.1369660347700119,-0.0832199901342392,0.14776775240898132,-0.18946045637130737,-0.22381477057933807,-0.17240992188453674,-0.1383914351463318,-0.017749860882759094,0.22914493083953857,0.009176254272460938,-0.1935953050851822,0.09941786527633667,-0.0568389855325222,-0.0884273499250412,0.12335791438817978,-0.0752992033958435,-0.2033233940601349,-0.128014475107193,-0.07407276332378387,0.15383973717689514,0.10687227547168732,-0.007739409804344177
0.09134325385093689,-0.034392908215522766,0.06790103018283844,0.12526293098926544,-0.24806098639965057,-0.023647211492061615,-0.01988571137189865,0.1925022155046463,0.00679788738489151,-0.15906889736652374,-0.10038552433252335,-0.1851259469985962,0.12742234766483307,-0.017516203224658966,-0.05840565636754036,0.06981062889099121,-0.2152818888425827,0.031126797199249268,0.17885340750217438,-0.02817375212907791,-0.220299631357193,0.06549541652202606,-0.14348681271076202,-0.04510758817195892,0.2135584056377411,0.0030179396271705627,-0.00022298097610473633,-0.22435379028320312,0.011624246835708618,0.1285219043493271,0.20644505321979523,0.2941572070121765
0.07125122100114822,0.031690582633018494,0.08323541283607483,0.01655144989490509,-0.020986557006835938,-0.14537543058395386,0.0591534785926342,0.04842238500714302,-0.02065259963274002,-0.07756310701370239,-0.22666966915130615,-0.13094651699066162,0.09075015783309937,-0.24839213490486145,-0.17823293805122375,-0.02112232893705368,-0.28044483065605164,0.06936611235141754,0.11280620098114014,-0.11314442753791809,-0.16523823142051697,0.044963132590055466,-0.24989697337150574,0.17285457253456116,0.05144444853067398,-0.21091017127037048,-0.08575014770030975,-0.16457895934581757,0.12302519381046295,-0.025556564331054688,-0.011114925146102905,0.053617753088474274
0.07358452677726746,0.052846234291791916,0.04933610185980797,-0.08912304788827896,-0.010288454592227936,-0.17373356223106384,0.013950161635875702,0.16361260414123535,0.07530446350574493,-0.13528725504875183,-0.19566302001476288,0.03756865859031677,-0.08554238080978394,-0.09285599738359451,-0.07141311466693878,-0.14054983854293823,0.05007578432559967,0.17953075468540192,0.1368735134601593,-0.11069577932357788,-0.07454799115657806,0.23712283372879028,-0.0757133811712265,0.19344499707221985,0.22554107010364532,-0.22646182775497437,0.019671574234962463,-0.14504021406173706,0.22794359922409058,-0.007260918617248535,0.27036532759666443,-0.05355235934257507
0.10592950880527496,0.14500927925109863,0.1728896200656891,0.18795262277126312,-0.10595862567424774,-0.10422852635383606,0.09895472228527069,0.25465112924575806,0.07542534917593002,0.02263519912958145,-0.09744643419981003,-0.16496244072914124,0.18181174993515015,-0.06484347581863403,0.08834400027990341,0.07440706342458725,-0.1611916720867157,0.18448612093925476,0.27664947509765625,-0.11791884154081345,-0.14958679676055908,0.07807952910661697,-0.03075043112039566,-0.07087916880846024,0.14053399860858917,-0.08238721638917923,-0.04899679124355316,-0.07754944264888763,0.05921757593750954,0.08035040646791458,0.011440612375736237,0.11664394289255142
0.10513587296009064,0.16077649593353271,0.12821008265018463,0.24394479393959045,-0.17042571306228638,-0.12359633296728134,0.04524831473827362,0.21134650707244873,0.18258608877658844,-0.23324242234230042,-0.19913747906684875,-0.03650488704442978,0.21321344375610352,-0.15963590145111084,-0.25781768560409546,-0.022111602127552032,-0.028117947280406952,0.04070230945944786,-0.028489433228969574,-0.09131594002246857,-0.13458320498466492,0.009356774389743805,-0.2644927501678467,0.013889774680137634,0.2172900140285492,-0.12920309603214264,-0.013346709311008453,-0.11235476285219193,0.11071177572011948,0.1434108018875122,0.011694684624671936,0.08478552848100662
0.22342872619628906,-0.013338662683963776,-0.07506328076124191,0.0891839787364006,0.05747388303279877,0.06043476611375809,-0.07965361326932907,0.005774594843387604,0.18474403023719788,-0.2744867205619812,-0.03207690268754959,-0.04421566054224968,0.021587640047073364,-0.11068614572286606,-0.12053826451301575,-0.2076503336429596,-0.013645388185977936,0.23457416892051697,0.0864790752530098,-0.1308232694864273,-0.12968789041042328,-0.007518857717514038,-0.08850348740816116,0.0029971376061439514,0.021594472229480743,-0.0772179439663887,-0.14831769466400146,0.09255215525627136,0.18112218379974365,0.05304623022675514,0.11838721483945847,0.1837702989578247
0.09939366579055786,0.024757154285907745,0.050180330872535706,0.15753991901874542,0.0668734461069107,-0.05166686326265335,0.16314879059791565,0.159871444106102,0.15211161971092224,-0.08837727457284927,-0.10410741716623306,-0.2291729748249054,0.06899145245552063,0.08403711766004562,0.029087193310260773,-0.12339051067829132,0.027841687202453613,0.10956353694200516,0.11969421803951263,-0.06775543093681335,0.0912158265709877,-0.008882507681846619,-0.1088707372546196,0.052733272314071655,0.05036645382642746,-0.2591403126716614,-0.1157798022031784,-0.04344509541988373,-0.016996435821056366,0.06293022632598877,0.14469273388385773,0.11230845004320145
0.11321689933538437,0.05906946584582329,-0.0031710490584373474,-0.023073330521583557,-0.03291517496109009,0.03821117430925369,-0.006118662655353546,0.0006635263562202454,0.12118843197822571,0.09804058820009232,-0.10899922996759415,-0.1255866140127182,0.1501992642879486,-0.09459617733955383,-0.0402325876057148,-0.13084575533866882,-0.14913442730903625,0.14765968918800354,0.19256776571273804,0.010304033756256104,-0.015355095267295837,-0.07493828237056732,-0.08539409935474396,0.24186813831329346,0.09485404193401337,-0.06092284247279167,-0.01994360238313675,0.004990629851818085,0.23970645666122437,0.16137565672397614,0.04719025269150734,0.07148978859186172
0.02167181670665741,0.05359213799238205,0.16694793105125427,0.1054266095161438,-0.1693466156721115,0.03981547802686691,0.0854775533080101,0.008012600243091583,0.014219231903553009,-0.21446290612220764,-0.12164825201034546,-0.0382331945002079,0.060836371034383774,-0.003634117543697357,-0.001671433448791504,-0.1686430275440216,-0.10425455868244171,0.052903324365615845,-0.042009130120277405,0.01666863262653351,-0.11159522831439972,0.07289215177297592,-0.2604029178619385,0.0244242325425148,0.0945717915892601,-0.10195580124855042,-0.15508344769477844,-0.1699845939874649,0.04242921248078346,0.07194039225578308,0.1301487237215042,-0.0503239706158638
0.14112314581871033,0.17652685940265656,0.16133294999599457,0.05358876660466194,-0.0744573175907135,-0.19665437936782837,0.1228986456990242,-0.019598916172981262,0.18066498637199402,-0.12100404500961304,-0.23461996018886566,-0.2064720094203949,0.08467214554548264,-0.0800764262676239,-0.22286131978034973,-0.06767930090427399,0.050875596702098846,0.1141723096370697,0.11048014461994171,-0.008659467101097107,0.028950631618499756,-0.07829006761312485,-0.05435938388109207,0.033001609146595,0.010043762624263763,-0.0730682909488678,-0.04275321215391159,-0.11845193803310394,0.2979761064052582,0.029669173061847687,-0.00477241724729538,0.05264216288924217
0.1105622872710228,-0.05262128263711929,0.039731714874506,0.1150529682636261,-0.13436654210090637,-0.06306493282318115,0.2011408805847168,0.0965949222445488,0.1300247460603714,0.0031081438064575195,-0.0098867267370224,-0.034160494804382324,0.07260318100452423,-0.11724918335676193,-0.0044358521699905396,0.005738496780395508,-0.054625023156404495,0.03712030500173569,0.015597321093082428,-0.19549232721328735,-0.052512336522340775,0.1804502159357071,-0.022998817265033722,0.061746079474687576,0.15053051710128784,-0.20511895418167114,0.024863332509994507,-0.11548101156949997,-0.0040808916091918945,0.11318273842334747,-0.0018211528658866882,0.13810870051383972
0.13690617680549622,0.11773332953453064,0.11462727189064026,0.07177866995334625,-0.12196972966194153,-0.046791162341833115,0.0968286395072937,0.1293313056230545,0.08892221748828888,-0.0901862159371376,-0.11326023936271667,-0.14220191538333893,0.10514028370380402,-0.2881309688091278,-0.09397178888320923,-0.1890992373228073,-0.056072864681482315,0.1923118382692337,0.09429829567670822,-0.06423555314540863,-0.18256758153438568,0.005206868052482605,-0.2430468201637268,0.18886132538318634,0.0029163435101509094,0.036694012582302094,-0.04111995920538902,-0.1535932421684265,0.19644111394882202,0.07190247625112534,0.19041776657104492,0.2025551199913025
0.015995271503925323,0.01914414018392563,0.06661011278629303,0.116647869348526,0.03967483341693878,-0.28169429302215576,0.10470834374427795,0.1567905843257904,0.09013354778289795,-0.12940245866775513,-0.15695230662822723,-0.08480575680732727,-0.04321404546499252,-0.2230941653251648,0.09641090035438538,-0.14521336555480957,-0.10604290664196014,0.15738528966903687,0.04246796295046806,-0.20787116885185242,-0.15175840258598328,0.1256592571735382,-0.09096706658601761,0.07713013887405396,0.036418139934539795,-0.09036599844694138,-0.006234012544155121,-0.03141026198863983,0.24595078825950623,0.0017858520150184631,0.05298836901783943,0.10309848934412003
0.1918824464082718,0.0681246966123581,0.15865761041641235,0.28614985942840576,-0.2105874866247177,0.026158906519412994,0.0657140463590622,0.15974879264831543,0.09296147525310516,-0.11207664012908936,-0.2722851037979126,-0.028570115566253662,0.14975285530090332,-0.20537199079990387,-0.15212661027908325,0.018107861280441284,-0.15457376837730408,0.05352598428726196,-0.07457908987998962,-0.07271873205900192,-0.24230101704597473,-0.046356335282325745,-0.1470133364200592,0.16162778437137604,-0.09658653289079666,0.04104611277580261,0.023003816604614258,-0.030069395899772644,0.10574332624673843,0.03463783860206604,0.22171708941459656,0.12178884446620941
0.10954023897647858,-0.03374684602022171,0.19190669059753418,0.12312110513448715,-0.14580175280570984,-0.18464778363704681,0.013882584869861603,0.02213066816329956,0.043098919093608856,-0.0984492227435112,-0.03394164890050888,-0.24066156148910522,0.058720506727695465,0.029976651072502136,0.009646125137805939,0.10010150074958801,0.013166137039661407,0.0761016458272934,0.12049832940101624,-0.09979351609945297,0.02341952919960022,0.08282093703746796,-0.10630108416080475,0.08366367965936661,0.13007819652557373,-0.05666347220540047,-0.08589396625757217,-0.01784677803516388,-0.012578420341014862,-0.01086127758026123,-0.044053591787815094,0.278873473405838
0.03895781561732292,0.07409682124853134,0.022676534950733185,0.04332583770155907,0.009773559868335724,-0.027904748916625977,0.2839207649230957,0.09711092710494995,0.13818331062793732,-0.05177842080593109,-0.11090383678674698,-0.13405956327915192,0.05194798484444618,-0.24727623164653778,-0.01757962256669998,-0.06429964303970337,-0.045750975608825684,0.10256601870059967,0.013328634202480316,-0.11157827079296112,-0.020543113350868225,0.016352228820323944,-0.004096701741218567,0.07576745748519897,0.1261252909898758,-0.2652968168258667,0.02110382169485092,-0.14222878217697144,-0.0008941143751144409,0.20498907566070557,0.25947898626327515,-0.04762715846300125
0.015532881021499634,0.13156524300575256,0.22289949655532837,0.1942630112171173,-0.031978048384189606,-0.1141500324010849,0.27189821004867554,0.16242289543151855,0.16773277521133423,-0.16217657923698425,-0.12538227438926697,-0.24493464827537537,0.10587877035140991,0.004350349307060242,-0.041684310883283615,-0.058344900608062744,-0.13345827162265778,0.10282847285270691,0.05471613630652428,-0.1206885427236557,-0.03365033119916916,0.10454922914505005,-0.14977842569351196,-0.06060145050287247,0.2506442666053772,-0.004751764237880707,-0.0647924542427063,0.051469460129737854,0.06739412993192673,0.03694465011358261,-0.03578096628189087,0.14213897287845612
-0.05553343892097473,0.04484269395470619,0.14460349082946777,0.029992520809173584,-0.11180718243122101,-0.1651524007320404,0.016314148902893066,0.1257762610912323,0.12040644884109497,-0.08622587472200394,-0.1936977058649063,-0.11536680161952972,0.12934865057468414,-0.003413550555706024,-0.19533184170722961,-0.20077630877494812,-0.05777014046907425,0.1419382393360138,0.029894940555095673,-0.11895043402910233,-0.04328541085124016,0.0016380175948143005,-0.25593164563179016,-0.024907134473323822,0.11943142116069794,-0.28228867053985596,-0.1709715873003006,-0.12948031723499298,0.0069031864404678345,0.11315101385116577,0.0849999487400055,0.16845527291297913
-0.002785824239253998,0.10180629789829254,0.10626950114965439,0.002139836549758911,-0.09130289405584335,-0.05932414531707764,0.10892408341169357,0.04019078239798546,0.19233380258083344,0.010989673435688019,-0.17018091678619385,-0.10532692819833755,0.12658636271953583,-0.09212345629930496,-0.151188462972641,-0.03900281339883804,-0.12106660008430481,0.025056682527065277,0.12136692553758621,-0.09321169555187225,-0.20670056343078613,-0.05648890137672424,-0.14363224804401398,0.12288575619459152,0.03415071219205856,-0.09207864105701447,0.04722556471824646,-0.0230795219540596,0.07250548899173737,-0.03169269859790802,0.10694972425699234,0.09491539746522903
-0.08115913718938828,0.20628830790519714,0.2403150498867035,0.0019403696060180664,-0.15774917602539062,-0.14572420716285706,0.24073556065559387,0.1024172380566597,0.22026780247688293,-0.07812901586294174,-0.12750257551670074,-0.15401287376880646,0.2253497838973999,-0.014710791409015656,-0.1360989660024643,-0.10780011117458344,-0.004679858684539795,0.2325805127620697,0.02046101540327072,0.05758359283208847,-0.056790295988321304,-0.011171631515026093,-0.21392516791820526,0.10806222259998322,0.2673008441925049,-0.06718982756137848,-0.21395358443260193,-0.024396412074565887,0.20305722951889038,-0.04692281782627106,0.1700631082057953,0.0009694099426269531
